"code";"kapnr";"ver"
U13.0;"22";"2021"
C93.31;"02";"2011"
M14.50*;"13";"2018"
M14.18*;"13";"2018"
D47.4;"02";"2011"
U81.24!;"22";"2017"
M14.55*;"13";"2018"
U15.5;"22";"2021"
C88.40;"02";"2011"
U81.03!;"22";"2017"
U11.4;"22";"2021"
U81.8!;"22";"2017"
C91.81;"02";"2011"
C90.30;"02";"2011"
U07.1!;"22";"2021"
M14.11*;"13";"2018"
C85.2;"02";"2011"
C82.3;"02";"2011"
M14.3-*;"13";"2018"
M14.07*;"13";"2018"
M14.51*;"13";"2018"
U12.2;"22";"2021"
C86.5;"02";"2011"
M14.14*;"13";"2018"
M14.32*;"13";"2018"
U81.40!;"22";"2017"
U08.-;"22";"2021"
M14.54*;"13";"2018"
U14.0;"22";"2021"
U11.3;"22";"2021"
U81.25!;"22";"2017"
M14.12*;"13";"2018"
M14.01*;"13";"2018"
D37.70;"02";"2011"
U81.06!;"22";"2017"
C88.41;"02";"2011"
M14.44*;"13";"2018"
M14.52*;"13";"2018"
C92.60;"02";"2011"
U81.48!;"22";"2017"
U15.2;"22";"2021"
U14.3;"22";"2021"
U12.9;"22";"2021"
M14.62*;"13";"2018"
U81.31!;"22";"2017"
C92.8-;"02";"2011"
C96.6;"02";"2011"
U81.01!;"22";"2017"
U13.7;"22";"2021"
M14.66*;"13";"2018"
U15.8;"22";"2021"
U98.8!;"22";"2021"
M14.36*;"13";"2018"
M14.15*;"13";"2018"
U81.00!;"22";"2017"
D37.78;"02";"2011"
U81.4-!;"22";"2017"
U15.6;"22";"2021"
U81.23!;"22";"2017"
C96.4;"02";"2011"
M14.24*;"13";"2018"
U11.9;"22";"2021"
M14.35*;"13";"2018"
M14.28*;"13";"2018"
U81.45!;"22";"2017"
U81.11!;"22";"2017"
U81.51!;"22";"2017"
C91.60;"02";"2011"
M14.21*;"13";"2018"
U81.10!;"22";"2017"
U11.0;"22";"2021"
U15.7;"22";"2021"
M14.17*;"13";"2018"
M14.63*;"13";"2018"
M14.53*;"13";"2018"
U81.28!;"22";"2017"
M14.2-*;"13";"2018"
C86.-;"02";"2011"
U15.0;"22";"2021"
U81.05!;"22";"2017"
M14.26*;"13";"2018"
C94.8!;"02";"2011"
C94.6-;"02";"2011"
M14.60*;"13";"2018"
U13.3;"22";"2021"
M14.65*;"13";"2018"
M14.42*;"13";"2018"
M14.1-*;"13";"2018"
M14.64*;"13";"2018"
M14.45*;"13";"2018"
M14.30*;"13";"2018"
M14.67*;"13";"2018"
U11.7;"22";"2021"
C91.8-;"02";"2011"
M14.47*;"13";"2018"
M14.06*;"13";"2018"
U81.3-!;"22";"2017"
U98.3!;"22";"2021"
C90.3-;"02";"2011"
U12.4;"22";"2021"
M14.41*;"13";"2018"
U80.8!;"22";"2017"
C94.61;"02";"2011"
U11.-;"22";"2021"
C86.6;"02";"2011"
U98.7!;"22";"2021"
U12.1;"22";"2021"
C91.80;"02";"2011"
M14.38*;"13";"2018"
M14.33*;"13";"2018"
U81.43!;"22";"2017"
U81.50!;"22";"2017"
M14.0-*;"13";"2018"
U81.2-!;"22";"2017"
U11.1;"22";"2021"
U14.7;"22";"2021"
U81.21!;"22";"2017"
C91.6-;"02";"2011"
U12.-;"22";"2021"
M14.08*;"13";"2018"
U98.-!;"22";"2021"
U13.1;"22";"2021"
U14.-;"22";"2021"
U08.9;"22";"2021"
M14.19*;"13";"2018"
U15.3;"22";"2021"
U81.0-!;"22";"2017"
U81.22!;"22";"2017"
M14.82*;"13";"2018"
U12.6;"22";"2021"
C82.6;"02";"2011"
D46.6;"02";"2011"
M14.57*;"13";"2018"
C90.31;"02";"2011"
C82.4;"02";"2011"
M14.56*;"13";"2018"
C91.61;"02";"2011"
U98.5!;"22";"2021"
U15.1;"22";"2021"
M14.58*;"13";"2018"
C93.30;"02";"2011"
M14.39*;"13";"2018"
U15.-;"22";"2021"
C84.7;"02";"2011"
C86.2;"02";"2011"
M14.87*;"13";"2018"
M14.80*;"13";"2018"
M14.68*;"13";"2018"
U11.2;"22";"2021"
C84.8;"02";"2011"
U81.47!;"22";"2017"
U11.5;"22";"2021"
U09.9!;"22";"2021"
U98.0!;"22";"2021"
M14.16*;"13";"2018"
M14.03*;"13";"2018"
U13.9;"22";"2021"
U81.02!;"22";"2017"
U81.-!;"22";"2017"
C86.1;"02";"2011"
M14.20*;"13";"2018"
M14.59*;"13";"2018"
D37.7-;"02";"2011"
M14.40*;"13";"2018"
M14.5-*;"13";"2018"
U13.-;"22";"2021"
M14.69*;"13";"2018"
M14.8-*;"13";"2018"
M14.05*;"13";"2018"
U98.4!;"22";"2021"
C92.81;"02";"2011"
U14.8;"22";"2021"
U10.-;"22";"2021"
U13.5;"22";"2021"
C84.6;"02";"2011"
M14.88*;"13";"2018"
U81.20!;"22";"2017"
U14.5;"22";"2021"
M14.83*;"13";"2018"
U81.6!;"22";"2017"
U81.07!;"22";"2017"
U12.0;"22";"2021"
U13.6;"22";"2021"
M14.61*;"13";"2018"
C96.5;"02";"2011"
M14.89*;"13";"2018"
U81.30!;"22";"2017"
U81.46!;"22";"2017"
U81.42!;"22";"2017"
U12.5;"22";"2021"
U12.7;"22";"2021"
C92.61;"02";"2011"
M14.34*;"13";"2018"
U14.9;"22";"2021"
M14.86*;"13";"2018"
U81.04!;"22";"2017"
M14.85*;"13";"2018"
U81.08!;"22";"2017"
U98.9!;"22";"2021"
M14.25*;"13";"2018"
M14.23*;"13";"2018"
U98.2!;"22";"2021"
M14.6-*;"13";"2018"
U15.4;"22";"2021"
M14.00*;"13";"2018"
M14.49*;"13";"2018"
M14.4-*;"13";"2018"
C93.3-;"02";"2011"
M14.48*;"13";"2018"
C86.3;"02";"2011"
U81.5-!;"22";"2017"
U14.6;"22";"2021"
M14.02*;"13";"2018"
U15.9;"22";"2021"
C86.4;"02";"2011"
M14.04*;"13";"2018"
C81.4;"02";"2011"
U07.2!;"22";"2021"
C92.80;"02";"2011"
U10.9;"22";"2021"
C92.6-;"02";"2011"
U98.6!;"22";"2021"
M14.46*;"13";"2018"
C94.60;"02";"2011"
U12.8;"22";"2021"
C82.5;"02";"2011"
U14.2;"22";"2021"
M14.84*;"13";"2018"
M14.37*;"13";"2018"
U11.8;"22";"2021"
M14.29*;"13";"2018"
D47.5;"02";"2011"
U81.26!;"22";"2017"
U14.1;"22";"2021"
C88.4-;"02";"2011"
M14.22*;"13";"2018"
U07.0!;"22";"2021"
M14.81*;"13";"2018"
U11.6;"22";"2021"
U13.8;"22";"2021"
U81.44!;"22";"2017"
U81.41!;"22";"2017"
M14.09*;"13";"2018"
U81.27!;"22";"2017"
C96.8;"02";"2011"
M14.27*;"13";"2018"
U09.-!;"22";"2021"
M14.43*;"13";"2018"
U98.1!;"22";"2021"
C86.0;"02";"2011"
U14.4;"22";"2021"
D46.5;"02";"2011"
M14.10*;"13";"2018"
M14.13*;"13";"2018"
C84.9;"02";"2011"
U12.3;"22";"2021"
U81.1-!;"22";"2017"
M14.31*;"13";"2018"
U13.2;"22";"2021"
U13.4;"22";"2021"
